timestamp,latitude,longitude,altitude,engine_speed,current_fuel_level,speed,eng_coolant_temp,acceleration,ambiental_temperature,fuel_rate
29/11/2023 10:14:34,38.168751,15.644257,4.40,801,26,0,83.00,0,21.6,0
29/11/2023 10:14:34,38.168751,15.644257,4.40,803,26,0,83.00,0,21.6,0
29/11/2023 10:14:37,38.168747,15.644260,4.30,1067,26,0,83.00,0,21.6,0
29/11/2023 10:14:37,38.168747,15.644260,4.30,1017,26,2,83.00,0,21.6,0
29/11/2023 10:14:40,38.168751,15.644265,4.70,979,26,2,84.00,0,21.6,0
29/11/2023 10:14:40,38.168751,15.644265,4.70,906,26,2,84.00,0,21.6,0
29/11/2023 10:14:43,38.168758,15.644290,4.90,950,26,2,84.00,0,21.6,0
29/11/2023 10:14:43,38.168758,15.644290,4.90,1091,26,1,84.00,0,21.6,0
29/11/2023 10:14:46,38.168758,15.644305,4.80,992,26,1,84.00,0,21.6,0
29/11/2023 10:14:46,38.168758,15.644305,4.80,887,26,1,84.00,0,21.6,0
29/11/2023 10:14:49,38.168755,15.644312,5.50,998,26,2,84.00,0,21.6,0
29/11/2023 10:14:49,38.168755,15.644312,5.50,848,26,2,84.00,0,21.6,0
29/11/2023 10:14:52,38.168747,15.644313,5.50,823,26,2,84.00,0,21.6,0
29/11/2023 10:14:54,38.168739,15.644319,4.40,1042,26,2,84.00,0,21.6,0
29/11/2023 10:14:55,38.168736,15.644321,4.40,1014,26,2,84.00,0,21.6,0
29/11/2023 10:14:57,38.168724,15.644325,4.30,904,26,3,84.00,0,21.6,0
29/11/2023 10:14:58,38.168720,15.644326,4.30,895,26,0,84.00,0,21.6,0
29/11/2023 10:15:00,38.168705,15.644332,4.90,843,26,0,84.00,0,21.6,0
29/11/2023 10:15:00,38.168705,15.644332,4.90,830,26,0,84.00,0,21.6,0
29/11/2023 10:15:03,38.168701,15.644332,4.60,907,26,1,84.00,0,21.6,0
29/11/2023 10:15:04,38.168705,15.644332,4.60,970,26,3,84.00,0,21.6,0
29/11/2023 10:15:06,38.168697,15.644333,4.30,884,26,4,84.00,0,21.6,0
29/11/2023 10:15:06,38.168697,15.644333,4.30,963,26,4,84.00,0,21.6,0
29/11/2023 10:15:09,38.168667,15.644345,5.20,853,26,2,84.00,0,21.6,0
29/11/2023 10:15:09,38.168667,15.644345,5.20,1058,26,1,84.00,0,21.6,0
29/11/2023 10:15:12,38.168644,15.644360,6.40,1143,26,8,84.00,0,21.6,0
29/11/2023 10:15:12,38.168644,15.644360,6.40,1345,26,11,84.00,0,21.6,0
29/11/2023 10:15:15,38.168636,15.644317,6.40,1099,26,16,84.00,0,21.6,0
29/11/2023 10:15:17,38.168606,15.644248,7.10,1378,26,20,84.00,0,21.6,0
29/11/2023 10:15:17,38.168606,15.644248,7.10,1514,26,22,84.00,0,21.6,0
29/11/2023 10:15:20,38.168514,15.644118,7.00,1572,26,22,84.00,0,21.6,0
29/11/2023 10:15:20,38.168514,15.644118,7.00,1488,26,21,85.00,0,21.6,0
29/11/2023 10:15:23,38.168411,15.643944,7.30,1344,26,19,85.00,0,21.6,0
29/11/2023 10:15:24,38.168381,15.643884,7.30,1172,26,16,85.00,0,21.6,0
29/11/2023 10:15:26,38.168324,15.643777,7.70,960,26,13,85.00,0,21.6,0
29/11/2023 10:15:26,38.168324,15.643777,7.70,950,26,13,85.00,0,21.6,0
29/11/2023 10:15:29,38.168243,15.643663,8.10,1086,26,15,85.00,0,21.6,0
29/11/2023 10:15:29,38.168243,15.643663,8.10,1311,26,19,85.00,0,21.6,0
29/11/2023 10:15:32,38.168144,15.643680,9.60,1515,26,22,85.00,0,21.6,0
29/11/2023 10:15:32,38.168144,15.643680,9.60,996,26,22,85.00,0,21.6,0
29/11/2023 10:15:35,38.168030,15.643791,10.60,990,26,22,85.00,0,21.6,0
29/11/2023 10:15:35,38.168030,15.643791,10.60,994,26,22,85.00,0,21.6,0
29/11/2023 10:15:38,38.167904,15.643900,11.60,940,26,18,85.00,0,21.6,0
29/11/2023 10:15:38,38.167904,15.643900,11.60,903,26,15,85.00,0,21.6,0
29/11/2023 10:15:41,38.167801,15.644002,11.60,903,26,9,85.00,0,21.6,0
29/11/2023 10:15:43,38.167744,15.644049,13.60,873,26,3,85.00,0,21.6,0
29/11/2023 10:15:44,38.167725,15.644062,13.60,782,26,4,85.00,0,21.6,0
29/11/2023 10:15:46,38.167702,15.644063,15.50,1379,26,10,85.00,0,21.6,0
29/11/2023 10:15:46,38.167702,15.644063,15.50,1452,26,13,85.00,0,21.6,0
29/11/2023 10:15:49,38.167652,15.644029,15.60,1104,26,16,85.00,0,21.6,0
29/11/2023 10:15:49,38.167652,15.644029,15.60,1273,26,18,85.00,0,21.6,0
29/11/2023 10:15:52,38.167564,15.643915,16.30,1211,26,17,85.00,0,21.6,0
29/11/2023 10:15:52,38.167564,15.643915,16.30,859,26,12,85.00,0,21.6,0
29/11/2023 10:15:55,38.167473,15.643772,16.40,879,26,9,85.00,0,21.6,0
29/11/2023 10:15:55,38.167473,15.643772,16.40,871,26,9,85.00,0,21.6,0
29/11/2023 10:15:58,38.167404,15.643690,15.60,850,26,6,85.00,0,21.6,0
29/11/2023 10:15:59,38.167385,15.643670,15.60,1107,26,8,85.00,0,21.6,0
29/11/2023 10:16:01,38.167347,15.643650,14.90,1461,26,14,84.00,0,21.6,0
29/11/2023 10:16:01,38.167347,15.643650,14.90,1295,26,19,84.00,0,21.6,0
29/11/2023 10:16:04,38.167255,15.643695,14.60,1602,26,23,84.00,0,21.6,0
29/11/2023 10:16:04,38.167255,15.643695,14.60,1680,26,24,84.00,0,21.6,0
29/11/2023 10:16:07,38.167145,15.643845,14.00,1754,26,25,84.00,0,21.6,0
29/11/2023 10:16:09,38.167068,15.643971,13.50,1635,26,23,84.00,0,21.6,0
29/11/2023 10:16:10,38.167027,15.644036,13.50,1452,26,21,84.00,0,21.6,0
29/11/2023 10:16:12,38.166954,15.644160,13.00,1375,26,19,84.00,0,21.6,0
29/11/2023 10:16:12,38.166954,15.644160,13.00,1324,26,19,84.00,0,21.6,0
29/11/2023 10:16:15,38.166862,15.644317,12.60,892,26,14,84.00,0,21.6,0
29/11/2023 10:16:15,38.166862,15.644317,12.60,886,26,13,84.00,0,21.6,0
29/11/2023 10:16:18,38.166782,15.644446,12.40,971,26,14,84.00,0,21.6,0
29/11/2023 10:16:19,38.166759,15.644480,12.40,1210,26,18,84.00,0,21.6,0
29/11/2023 10:16:21,38.166714,15.644550,12.30,1439,26,21,84.00,0,21.6,0
29/11/2023 10:16:21,38.166714,15.644550,12.30,1408,26,20,84.00,0,21.6,0
29/11/2023 10:16:24,38.166607,15.644670,11.80,868,26,18,84.00,0,21.6,0
29/11/2023 10:16:24,38.166607,15.644670,11.80,891,26,13,84.00,0,21.6,0
29/11/2023 10:16:27,38.166477,15.644762,11.40,890,26,8,84.00,0,21.6,0
29/11/2023 10:16:27,38.166477,15.644762,11.40,866,26,4,84.00,0,21.6,0
29/11/2023 10:16:30,38.166401,15.644814,11.10,836,26,1,84.00,0,21.6,0
29/11/2023 10:16:30,38.166401,15.644814,11.10,822,26,0,84.00,0,21.6,0
29/11/2023 10:16:33,38.166382,15.644832,10.60,809,26,0,84.00,0,21.6,0
29/11/2023 10:16:33,38.166382,15.644832,10.60,808,26,0,84.00,0,21.6,0
29/11/2023 10:16:36,38.166382,15.644832,10.40,808,26,0,84.00,0,21.6,0
29/11/2023 10:16:37,38.166386,15.644834,10.40,803,26,0,84.00,0,21.6,0
29/11/2023 10:16:39,38.166386,15.644834,10.20,805,26,0,84.00,0,21.6,0
29/11/2023 10:16:39,38.166386,15.644834,10.20,809,26,0,84.00,0,21.6,0
29/11/2023 10:16:42,38.166386,15.644834,10.20,801,26,0,84.00,0,21.6,0
29/11/2023 10:16:42,38.166386,15.644834,10.20,805,26,0,84.00,0,21.6,0
29/11/2023 10:16:45,38.166386,15.644832,10.30,805,26,0,84.00,0,21.6,0
29/11/2023 10:16:45,38.166386,15.644832,10.30,803,26,0,84.00,0,21.6,0
29/11/2023 10:16:48,38.166382,15.644832,10.40,803,26,0,83.00,0,21.6,0
29/11/2023 10:16:48,38.166382,15.644832,10.40,814,26,0,83.00,0,21.6,0
29/11/2023 10:16:51,38.166382,15.644832,10.40,810,26,0,83.00,0,21.6,0
29/11/2023 10:16:51,38.166382,15.644832,10.40,811,26,0,83.00,0,21.6,0
29/11/2023 10:16:54,38.166382,15.644832,10.40,804,26,0,83.00,0,21.6,0
29/11/2023 10:16:54,38.166382,15.644832,10.40,815,26,0,83.00,0,21.6,0
29/11/2023 10:16:57,38.166382,15.644832,10.40,803,26,0,83.00,0,21.6,0
29/11/2023 10:16:57,38.166382,15.644832,10.40,814,26,0,83.00,0,21.6,0
29/11/2023 10:17:00,38.166382,15.644832,10.40,805,26,0,83.00,0,21.6,0
29/11/2023 10:17:02,38.166382,15.644832,10.50,808,26,0,83.00,0,21.6,0
29/11/2023 10:17:03,38.166382,15.644832,10.50,807,26,0,83.00,0,21.6,0
29/11/2023 10:17:05,38.166382,15.644832,10.50,808,26,0,83.00,0,21.6,0
29/11/2023 10:17:06,38.166382,15.644832,10.50,817,26,0,83.00,0,21.6,0
29/11/2023 10:17:08,38.166382,15.644832,10.50,807,26,0,83.00,0,21.6,0
29/11/2023 10:17:09,38.166382,15.644832,10.50,817,26,0,83.00,0,21.6,0
29/11/2023 10:17:11,38.166382,15.644832,10.50,813,26,0,83.00,0,21.6,0
29/11/2023 10:17:11,38.166382,15.644832,10.50,745,26,3,83.00,0,21.6,0
29/11/2023 10:17:14,38.166382,15.644832,10.50,1114,26,8,83.00,0,21.6,0
29/11/2023 10:17:14,38.166382,15.644832,10.50,1749,26,14,83.00,0,21.6,0
29/11/2023 10:17:17,38.166367,15.644852,10.40,1105,26,16,83.00,0,21.6,0
29/11/2023 10:17:17,38.166367,15.644852,10.40,1514,26,22,83.00,0,21.6,0
29/11/2023 10:17:20,38.166286,15.644927,10.20,1673,26,26,83.00,0,21.6,0
29/11/2023 10:17:22,38.166199,15.645001,10.00,1193,26,26,83.00,0,21.6,0
29/11/2023 10:17:23,38.166145,15.645046,10.00,1225,26,27,83.00,0,21.6,0
29/11/2023 10:17:23,38.166145,15.645046,10.00,1214,26,27,83.00,0,21.6,0
29/11/2023 10:17:26,38.165974,15.645185,10.00,1246,26,27,84.00,0,21.6,0
29/11/2023 10:17:28,38.165859,15.645285,9.70,1322,26,29,84.00,0,21.6,0
29/11/2023 10:17:29,38.165798,15.645333,9.70,1403,26,31,84.00,0,21.6,0
29/11/2023 10:17:31,38.165668,15.645429,9.20,1436,26,32,84.00,0,21.6,0
29/11/2023 10:17:31,38.165668,15.645429,9.20,1476,26,33,84.00,0,21.6,0
29/11/2023 10:17:34,38.165462,15.645585,9.10,1500,26,33,84.00,0,21.6,0
29/11/2023 10:17:34,38.165462,15.645585,9.10,1523,26,34,84.00,0,21.6,0
29/11/2023 10:17:37,38.165245,15.645752,8.80,1527,26,34,85.00,0,21.6,0
29/11/2023 10:17:37,38.165245,15.645752,8.80,1493,26,33,85.00,0,21.6,0
29/11/2023 10:17:40,38.165024,15.645918,8.80,1419,26,31,85.00,0,21.6,0
29/11/2023 10:17:40,38.165024,15.645918,8.80,1331,26,30,85.00,0,21.6,0
29/11/2023 10:17:43,38.164806,15.646083,8.50,1316,26,29,85.00,0,21.6,0
29/11/2023 10:17:43,38.164806,15.646083,8.50,1336,26,30,85.00,0,21.6,0
29/11/2023 10:17:46,38.164612,15.646238,8.50,1316,26,29,85.00,0,21.6,0
29/11/2023 10:17:46,38.164612,15.646238,8.50,1228,26,27,85.00,0,21.6,0
29/11/2023 10:17:49,38.164421,15.646395,8.50,1142,26,25,84.00,0,21.6,0
29/11/2023 10:17:51,38.164303,15.646490,8.50,1132,26,25,84.00,0,21.6,0
29/11/2023 10:17:51,38.164303,15.646490,8.50,1177,26,26,84.00,0,21.6,0
29/11/2023 10:17:54,38.164139,15.646624,9.10,1102,26,24,84.00,0,21.6,0
29/11/2023 10:17:54,38.164139,15.646624,9.10,927,26,20,84.00,0,21.6,0
29/11/2023 10:17:57,38.163975,15.646749,9.40,1047,26,23,84.00,0,21.6,0
29/11/2023 10:17:57,38.163975,15.646749,9.40,1042,26,23,84.00,0,21.6,0
29/11/2023 10:18:00,38.163834,15.646860,9.40,951,26,19,83.00,0,21.6,0
29/11/2023 10:18:00,38.163834,15.646860,9.40,915,26,11,83.00,0,21.6,0
29/11/2023 10:18:03,38.163685,15.646956,9.30,846,26,10,83.00,0,21.6,0
29/11/2023 10:18:03,38.163685,15.646956,9.30,961,26,14,83.00,0,21.6,0
29/11/2023 10:18:06,38.163605,15.647014,9.10,1290,26,19,83.00,0,21.6,0
29/11/2023 10:18:06,38.163605,15.647014,9.10,1506,26,23,83.00,0,21.6,0
29/11/2023 10:18:09,38.163506,15.647088,9.10,1069,26,24,83.00,0,21.6,0
29/11/2023 10:18:09,38.163506,15.647088,9.10,1208,26,27,83.00,0,21.6,0
29/11/2023 10:18:12,38.163361,15.647199,7.80,1317,26,29,83.00,0,21.6,0
29/11/2023 10:18:12,38.163361,15.647199,7.80,1387,26,31,83.00,0,21.6,0
29/11/2023 10:18:15,38.163177,15.647335,7.30,1454,26,32,83.00,0,21.6,0
29/11/2023 10:18:17,38.163040,15.647433,7.10,1549,26,35,83.00,0,21.6,0
29/11/2023 10:18:18,38.162971,15.647483,7.10,1574,26,35,83.00,0,21.6,0
29/11/2023 10:18:20,38.162819,15.647590,7.10,1580,26,34,83.00,0,21.6,0
29/11/2023 10:18:21,38.162743,15.647650,7.10,1610,26,36,83.00,0,21.6,0
29/11/2023 10:18:21,38.162743,15.647650,7.10,939,26,36,83.00,0,21.6,0
29/11/2023 10:18:24,38.162510,15.647823,7.00,1097,26,34,83.00,0,21.6,0
29/11/2023 10:18:26,38.162361,15.647957,7.00,892,26,28,83.00,0,21.6,0
29/11/2023 10:18:27,38.162292,15.648026,7.00,1115,26,24,83.00,0,21.6,0
29/11/2023 10:18:29,38.162174,15.648153,7.20,1067,26,24,83.00,0,21.6,0
29/11/2023 10:18:29,38.162174,15.648153,7.20,1175,26,26,83.00,0,21.6,0
29/11/2023 10:18:32,38.162041,15.648315,7.30,1296,26,29,83.00,0,21.6,0
29/11/2023 10:18:32,38.162041,15.648315,7.30,1389,26,31,84.00,0,21.6,0
29/11/2023 10:18:35,38.161896,15.648497,7.20,1476,26,33,84.00,0,21.6,0
29/11/2023 10:18:35,38.161896,15.648497,7.20,1523,26,34,84.00,0,21.6,0
29/11/2023 10:18:38,38.161713,15.648688,7.30,1541,26,34,84.00,0,21.6,0
29/11/2023 10:18:39,38.161648,15.648757,7.30,1470,26,33,84.00,0,21.6,0
29/11/2023 10:18:41,38.161514,15.648895,7.40,1461,26,33,84.00,0,21.6,0
29/11/2023 10:18:41,38.161514,15.648895,7.40,1612,26,36,84.00,0,21.6,0
29/11/2023 10:18:44,38.161320,15.649092,7.40,1270,26,37,84.00,0,21.6,0
29/11/2023 10:18:44,38.161320,15.649092,7.40,1248,26,39,84.00,0,21.6,0
29/11/2023 10:18:47,38.161098,15.649297,7.30,1303,26,41,84.00,0,21.6,0
29/11/2023 10:18:47,38.161098,15.649297,7.30,1356,26,43,83.00,0,21.6,0
29/11/2023 10:18:50,38.160866,15.649527,7.20,1396,26,44,83.00,0,21.6,0
29/11/2023 10:18:50,38.160866,15.649527,7.20,1386,26,43,83.00,0,21.6,0
29/11/2023 10:18:53,38.160610,15.649785,6.90,1364,26,43,83.00,0,21.6,0
29/11/2023 10:18:53,38.160610,15.649785,6.90,1345,26,43,83.00,0,21.6,0
29/11/2023 10:18:56,38.160355,15.650050,6.60,1367,26,43,83.00,0,21.6,0
29/11/2023 10:18:56,38.160355,15.650050,6.60,1389,26,44,83.00,0,21.6,0
29/11/2023 10:18:59,38.160099,15.650309,6.40,1425,26,45,83.00,0,21.6,0
29/11/2023 10:18:59,38.160099,15.650309,6.40,1454,26,45,83.00,0,21.6,0
29/11/2023 10:19:02,38.159843,15.650575,6.20,1476,26,46,83.00,0,21.6,0
29/11/2023 10:19:04,38.159668,15.650765,6.00,1497,26,47,83.00,0,21.6,0
29/11/2023 10:19:05,38.159580,15.650860,6.00,1518,26,48,83.00,0,21.6,0
29/11/2023 10:19:07,38.159393,15.651052,5.70,1540,26,48,83.00,0,21.6,0
29/11/2023 10:19:07,38.159393,15.651052,5.70,1555,26,49,83.00,0,21.6,0
29/11/2023 10:19:10,38.159115,15.651353,5.40,1574,26,49,83.00,0,21.6,0
29/11/2023 10:19:10,38.159115,15.651353,5.40,1578,26,50,83.00,0,21.6,0
29/11/2023 10:19:13,38.158848,15.651680,5.20,1609,26,51,83.00,0,21.6,0
29/11/2023 10:19:13,38.158848,15.651680,5.20,1273,26,50,83.00,0,21.6,0
29/11/2023 10:19:16,38.158566,15.652003,5.10,1199,26,50,83.00,0,21.6,0
29/11/2023 10:19:16,38.158566,15.652003,5.10,1215,26,51,83.00,0,21.6,0
29/11/2023 10:19:19,38.158287,15.652335,5.10,1207,26,50,83.00,0,21.6,0
29/11/2023 10:19:21,38.158100,15.652558,4.90,1211,26,51,83.00,0,21.6,0
29/11/2023 10:19:22,38.158012,15.652675,4.90,1244,26,53,83.00,0,21.6,0
29/11/2023 10:19:24,38.157860,15.652935,4.80,1287,26,54,83.00,0,21.6,0
29/11/2023 10:19:25,38.157795,15.653084,4.80,1290,26,55,83.00,0,21.6,0
29/11/2023 10:19:27,38.157688,15.653399,5.30,1019,26,52,83.00,0,21.6,0
29/11/2023 10:19:28,38.157635,15.653559,5.30,1615,26,51,83.00,0,21.6,0
29/11/2023 10:19:30,38.157528,15.653870,6.20,1640,26,51,83.00,0,21.6,0
29/11/2023 10:19:30,38.157528,15.653870,6.20,1647,26,52,83.00,0,21.6,0
29/11/2023 10:19:33,38.157375,15.654324,7.10,1654,26,52,84.00,0,21.6,0
29/11/2023 10:19:34,38.157326,15.654477,7.10,1655,26,52,84.00,0,21.6,0
29/11/2023 10:19:36,38.157223,15.654783,8.00,1661,26,52,84.00,0,21.6,0
29/11/2023 10:19:36,38.157223,15.654783,8.00,1651,26,52,84.00,0,21.6,0
29/11/2023 10:19:39,38.157070,15.655243,9.10,1639,26,51,84.00,0,21.6,0
29/11/2023 10:19:39,38.157070,15.655243,9.10,1627,26,51,84.00,0,21.6,0
29/11/2023 10:19:42,38.156883,15.655679,10.70,1622,26,51,84.00,0,21.6,0
29/11/2023 10:19:42,38.156883,15.655679,10.70,1627,26,51,84.00,0,21.6,0
29/11/2023 10:19:45,38.156609,15.656018,10.70,1606,26,50,84.00,0,21.6,0
29/11/2023 10:19:47,38.156384,15.656174,13.80,1589,26,50,84.00,0,21.6,0
29/11/2023 10:19:48,38.156265,15.656239,13.80,1606,26,51,84.00,0,21.6,0
29/11/2023 10:19:50,38.156033,15.656365,15.30,1566,26,49,84.00,0,21.6,0
29/11/2023 10:19:50,38.156033,15.656365,15.30,1491,26,47,84.00,0,21.6,0
29/11/2023 10:19:53,38.155682,15.656551,15.80,1407,26,44,84.00,0,21.6,0
29/11/2023 10:19:54,38.155571,15.656611,15.80,1279,26,40,84.00,0,21.6,0
29/11/2023 10:19:56,38.155361,15.656727,14.50,988,26,36,84.00,0,21.6,0
29/11/2023 10:19:56,38.155361,15.656727,14.50,1417,26,31,84.00,0,21.6,0
29/11/2023 10:19:59,38.155087,15.656877,12.30,1283,26,28,84.00,0,21.6,0
29/11/2023 10:19:59,38.155087,15.656877,12.30,1224,26,27,83.00,0,21.6,0
29/11/2023 10:20:02,38.154873,15.656995,10.50,1174,26,25,83.00,0,21.6,0
29/11/2023 10:20:02,38.154873,15.656995,10.50,1033,26,24,83.00,0,21.6,0
29/11/2023 10:20:05,38.154686,15.657084,8.90,1070,26,23,83.00,0,21.6,0
29/11/2023 10:20:05,38.154686,15.657084,8.90,992,26,22,83.00,0,21.6,0
29/11/2023 10:20:08,38.154522,15.657180,7.10,782,26,17,83.00,0,21.6,0
29/11/2023 10:20:09,38.154484,15.657230,7.10,845,26,19,82.00,0,21.6,0
29/11/2023 10:20:11,38.154419,15.657322,6.90,1027,26,23,82.00,0,21.6,0
29/11/2023 10:20:11,38.154419,15.657322,6.90,1107,26,25,82.00,0,21.6,0
29/11/2023 10:20:14,38.154320,15.657462,7.00,1266,26,29,82.00,0,21.6,0
29/11/2023 10:20:14,38.154320,15.657462,7.00,1366,26,31,82.00,0,21.6,0
29/11/2023 10:20:17,38.154133,15.657516,6.50,1492,26,33,82.00,0,21.6,0
29/11/2023 10:20:19,38.153976,15.657540,6.10,1561,26,35,82.00,0,21.6,0
29/11/2023 10:20:20,38.153896,15.657554,6.10,1624,26,36,82.00,0,21.6,0
29/11/2023 10:20:22,38.153721,15.657587,5.30,1649,26,37,82.00,0,21.6,0
29/11/2023 10:20:23,38.153629,15.657603,5.30,1635,26,36,82.00,0,21.6,0
29/11/2023 10:20:25,38.153442,15.657661,4.80,1623,26,36,82.00,0,21.6,0
29/11/2023 10:20:25,38.153442,15.657661,4.80,1594,26,35,82.00,0,21.6,0
29/11/2023 10:20:28,38.153175,15.657746,4.70,1632,26,37,82.00,0,21.6,0
29/11/2023 10:20:29,38.153088,15.657775,4.70,1666,26,37,82.00,0,21.6,0
29/11/2023 10:20:31,38.152916,15.657822,4.90,1626,26,36,82.00,0,21.6,0
29/11/2023 10:20:31,38.152916,15.657822,4.90,1512,26,34,82.00,0,21.6,0
29/11/2023 10:20:34,38.152641,15.657895,4.90,1447,26,32,82.00,0,21.6,0
29/11/2023 10:20:34,38.152641,15.657895,4.90,1446,26,32,83.00,0,21.6,0
29/11/2023 10:20:37,38.152386,15.657944,4.90,1490,26,33,83.00,0,21.6,0
29/11/2023 10:20:37,38.152386,15.657944,4.90,1570,26,35,83.00,0,21.6,0
29/11/2023 10:20:40,38.152142,15.657930,4.90,1648,26,37,83.00,0,21.6,0
29/11/2023 10:20:40,38.152142,15.657930,4.90,1663,26,37,83.00,0,21.6,0
29/11/2023 10:20:43,38.151878,15.657860,5.00,1598,26,35,83.00,0,21.6,0
29/11/2023 10:20:43,38.151878,15.657860,5.00,1471,26,32,83.00,0,21.6,0
29/11/2023 10:20:46,38.151608,15.657775,5.60,979,26,27,83.00,0,21.6,0
29/11/2023 10:20:46,38.151608,15.657775,5.60,1082,26,24,83.00,0,21.6,0
29/11/2023 10:20:49,38.151375,15.657720,5.30,1035,26,23,83.00,0,21.6,0
29/11/2023 10:20:51,38.151249,15.657690,5.60,1042,26,23,83.00,0,21.6,0
29/11/2023 10:20:52,38.151196,15.657672,5.60,1110,26,25,83.00,0,21.6,0
29/11/2023 10:20:54,38.151081,15.657645,6.10,1256,26,28,83.00,0,21.6,0
29/11/2023 10:20:54,38.151081,15.657645,6.10,1462,26,33,83.00,0,21.6,0
29/11/2023 10:20:57,38.150890,15.657603,6.50,1588,26,35,83.00,0,21.6,0
29/11/2023 10:20:57,38.150890,15.657603,6.50,1659,26,37,83.00,0,21.6,0
29/11/2023 10:21:00,38.150650,15.657518,7.00,1592,26,37,83.00,0,21.6,0
29/11/2023 10:21:00,38.150650,15.657518,7.00,1570,26,35,83.00,0,21.6,0
29/11/2023 10:21:03,38.150379,15.657436,7.00,1601,26,36,83.00,0,21.6,0
29/11/2023 10:21:05,38.150204,15.657385,7.60,1588,26,36,83.00,0,21.6,0
29/11/2023 10:21:06,38.150116,15.657362,7.60,1466,26,32,83.00,0,21.6,0
29/11/2023 10:21:08,38.149937,15.657320,8.80,1330,26,29,83.00,0,21.6,0
29/11/2023 10:21:09,38.149853,15.657297,8.80,950,26,22,83.00,0,21.6,0
29/11/2023 10:21:11,38.149700,15.657231,9.90,947,26,14,83.00,0,21.6,0
29/11/2023 10:21:12,38.149643,15.657210,9.90,904,26,12,83.00,0,21.6,0
29/11/2023 10:21:14,38.149570,15.657168,10.90,1075,26,16,83.00,0,21.6,0
29/11/2023 10:21:14,38.149570,15.657168,10.90,1509,26,23,83.00,0,21.6,0
29/11/2023 10:21:17,38.149548,15.657063,10.30,982,26,26,82.00,0,21.6,0
29/11/2023 10:21:17,38.149548,15.657063,10.30,1241,26,28,82.00,0,21.6,0
29/11/2023 10:21:20,38.149635,15.656870,9.50,1243,26,27,82.00,0,21.6,0
29/11/2023 10:21:20,38.149635,15.656870,9.50,1291,26,29,82.00,0,21.6,0
29/11/2023 10:21:23,38.149727,15.656625,8.40,1396,26,31,82.00,0,21.6,0
29/11/2023 10:21:23,38.149727,15.656625,8.40,1614,26,36,82.00,0,21.6,0
29/11/2023 10:21:26,38.149654,15.656373,8.40,1814,26,40,82.00,0,21.6,0
29/11/2023 10:21:26,38.149654,15.656373,8.40,1740,26,44,82.00,0,21.6,0
29/11/2023 10:21:29,38.149403,15.656220,5.70,1448,26,45,82.00,0,21.6,0
29/11/2023 10:21:29,38.149403,15.656220,5.70,1518,26,48,82.00,0,21.6,0
29/11/2023 10:21:32,38.149090,15.656056,4.60,1599,26,50,82.00,0,21.6,0
29/11/2023 10:21:34,38.148876,15.655927,3.80,1612,26,50,82.00,0,21.6,0
29/11/2023 10:21:35,38.148762,15.655853,3.80,1591,26,50,82.00,0,21.6,0
29/11/2023 10:21:37,38.148537,15.655702,3.20,1601,26,50,83.00,0,21.6,0
29/11/2023 10:21:38,38.148426,15.655628,3.20,1600,26,50,83.00,0,21.6,0
29/11/2023 10:21:40,38.148197,15.655483,3.50,1538,26,49,83.00,0,21.6,0
29/11/2023 10:21:41,38.148087,15.655408,3.50,1531,26,48,83.00,0,21.6,0
29/11/2023 10:21:43,38.147861,15.655265,3.80,1481,26,46,83.00,0,21.6,0
29/11/2023 10:21:44,38.147755,15.655191,3.80,1401,26,44,84.00,0,21.6,0
29/11/2023 10:21:46,38.147541,15.655057,4.30,1325,26,41,84.00,0,21.6,0
29/11/2023 10:21:46,38.147541,15.655057,4.30,1254,26,39,84.00,0,21.6,0
29/11/2023 10:21:49,38.147232,15.654917,4.50,982,26,37,84.00,0,21.6,0
29/11/2023 10:21:49,38.147232,15.654917,4.50,1524,26,34,84.00,0,21.6,0
29/11/2023 10:21:52,38.146946,15.654823,4.70,1431,26,32,84.00,0,21.6,0
29/11/2023 10:21:52,38.146946,15.654823,4.70,1397,26,31,84.00,0,21.6,0
29/11/2023 10:21:55,38.146694,15.654760,4.90,1327,26,29,83.00,0,21.6,0
29/11/2023 10:21:57,38.146542,15.654720,4.90,1345,26,30,83.00,0,21.6,0
29/11/2023 10:21:58,38.146461,15.654707,4.90,1347,26,30,83.00,0,21.6,0
29/11/2023 10:22:00,38.146313,15.654676,5.10,1269,26,28,83.00,0,21.6,0
29/11/2023 10:22:01,38.146236,15.654663,5.10,1326,26,30,82.00,0,21.6,0
29/11/2023 10:22:03,38.146088,15.654649,5.00,1483,26,33,82.00,0,21.6,0
29/11/2023 10:22:03,38.146088,15.654649,5.00,1580,26,35,82.00,0,21.6,0
29/11/2023 10:22:06,38.145847,15.654654,5.00,1636,26,37,82.00,0,21.6,0
29/11/2023 10:22:08,38.145668,15.654652,7.10,1713,26,38,82.00,0,21.6,0
29/11/2023 10:22:09,38.145576,15.654658,7.10,1759,26,39,82.00,0,21.6,0
29/11/2023 10:22:11,38.145382,15.654683,7.20,1315,26,39,82.00,0,21.6,0
29/11/2023 10:22:12,38.145283,15.654695,7.20,1236,26,39,82.00,0,21.6,0
29/11/2023 10:22:14,38.145088,15.654732,7.70,1289,26,39,82.00,0,21.6,0
29/11/2023 10:22:15,38.144993,15.654760,7.70,1711,26,38,82.00,0,21.6,0
29/11/2023 10:22:17,38.144802,15.654827,8.60,1814,26,41,82.00,0,21.6,0
29/11/2023 10:22:17,38.144802,15.654827,8.60,1888,26,42,83.00,0,21.6,0
29/11/2023 10:22:20,38.144516,15.654933,9.70,1889,26,42,83.00,0,21.6,0
29/11/2023 10:22:20,38.144516,15.654933,9.70,1826,26,41,83.00,0,21.6,0
29/11/2023 10:22:20,38.144516,15.654933,9.70,1710,26,38,84.00,0,21.6,0
29/11/2023 10:22:24,38.144127,15.655142,10.70,1587,26,35,84.00,0,21.6,0
29/11/2023 10:22:24,38.144127,15.655142,10.70,1361,26,29,84.00,0,21.6,0
29/11/2023 10:22:27,38.143875,15.655312,10.50,914,26,21,84.00,0,21.6,0
29/11/2023 10:22:27,38.143875,15.655312,10.50,965,26,22,84.00,0,21.6,0
29/11/2023 10:22:30,38.143684,15.655425,10.10,1202,26,27,84.00,0,21.6,0
29/11/2023 10:22:30,38.143684,15.655425,10.10,1504,26,34,84.00,0,21.6,0
29/11/2023 10:22:33,38.143562,15.655302,9.00,1695,26,38,84.00,0,21.6,0
29/11/2023 10:22:33,38.143562,15.655302,9.00,1791,26,40,84.00,0,21.6,0
29/11/2023 10:22:36,38.143471,15.654993,9.00,1810,26,40,84.00,0,21.6,0
29/11/2023 10:22:36,38.143471,15.654993,9.00,1834,26,41,84.00,0,21.6,0
29/11/2023 10:22:39,38.143364,15.654629,9.00,1831,26,40,83.00,0,21.6,0
29/11/2023 10:22:41,38.143284,15.654382,4.60,1727,26,38,83.00,0,21.6,0
29/11/2023 10:22:42,38.143246,15.654262,4.60,979,26,34,82.00,0,21.6,0
29/11/2023 10:22:44,38.143173,15.654028,3.20,987,26,25,82.00,0,21.6,0
29/11/2023 10:22:44,38.143173,15.654028,3.20,1070,26,23,82.00,0,21.6,0
29/11/2023 10:22:47,38.143070,15.653780,2.20,1122,26,25,82.00,0,21.6,0
29/11/2023 10:22:48,38.143017,15.653750,2.20,1351,26,31,82.00,0,21.6,0
29/11/2023 10:22:50,38.142902,15.653800,1.30,1527,26,34,82.00,0,21.6,0
29/11/2023 10:22:50,38.142902,15.653800,1.30,1686,26,38,82.00,0,21.6,0
29/11/2023 10:22:53,38.142719,15.653990,1.10,1805,26,40,82.00,0,21.6,0
29/11/2023 10:22:53,38.142719,15.653990,1.10,1874,26,42,82.00,0,21.6,0
29/11/2023 10:22:56,38.142502,15.654239,0.50,1934,26,44,82.00,0,21.6,0
29/11/2023 10:22:56,38.142502,15.654239,0.50,1393,26,43,82.00,0,21.6,0
29/11/2023 10:22:59,38.142254,15.654500,0.90,1425,26,45,82.00,0,21.6,0
29/11/2023 10:22:59,38.142254,15.654500,0.90,1422,26,45,83.00,0,21.6,0
29/11/2023 10:23:02,38.141994,15.654768,0.90,1431,26,44,83.00,0,21.6,0
29/11/2023 10:23:04,38.141823,15.654952,1.50,1449,26,45,83.00,0,21.6,0
29/11/2023 10:23:05,38.141731,15.655038,1.50,1471,26,46,84.00,0,21.6,0
29/11/2023 10:23:07,38.141541,15.655205,2.00,1500,26,47,84.00,0,21.6,0
29/11/2023 10:23:08,38.141445,15.655287,2.00,1500,26,47,84.00,0,21.6,0
29/11/2023 10:23:10,38.141243,15.655445,2.30,1511,26,47,84.00,0,21.6,0
29/11/2023 10:23:11,38.141140,15.655523,2.30,1522,26,48,84.00,0,21.6,0
29/11/2023 10:23:13,38.140930,15.655673,2.50,1531,26,48,84.00,0,21.6,0
29/11/2023 10:23:14,38.140823,15.655745,2.50,1535,26,48,84.00,0,21.6,0
29/11/2023 10:23:16,38.140610,15.655887,2.50,1557,26,49,84.00,0,21.6,0
29/11/2023 10:23:17,38.140499,15.655956,2.50,1544,26,49,84.00,0,21.6,0
29/11/2023 10:23:19,38.140282,15.656101,3.20,1542,26,48,84.00,0,21.6,0
29/11/2023 10:23:20,38.140175,15.656177,3.20,1496,26,47,83.00,0,21.6,0
29/11/2023 10:23:22,38.139957,15.656323,3.50,1449,26,45,83.00,0,21.6,0
29/11/2023 10:23:22,38.139957,15.656323,3.50,1410,26,45,83.00,0,21.6,0
29/11/2023 10:23:25,38.139637,15.656510,3.70,1410,26,44,83.00,0,21.6,0
29/11/2023 10:23:25,38.139637,15.656510,3.70,1374,26,43,82.00,0,21.6,0
29/11/2023 10:23:28,38.139317,15.656642,3.80,1322,26,41,82.00,0,21.6,0
29/11/2023 10:23:29,38.139210,15.656678,3.80,1296,26,40,82.00,0,21.6,0
29/11/2023 10:23:31,38.139004,15.656745,4.00,1296,26,41,82.00,0,21.6,0
29/11/2023 10:23:31,38.139004,15.656745,4.00,1277,26,40,82.00,0,21.6,0
29/11/2023 10:23:34,38.138710,15.656838,4.30,1257,26,39,82.00,0,21.6,0
29/11/2023 10:23:34,38.138710,15.656838,4.30,1244,26,39,82.00,0,21.6,0
29/11/2023 10:23:37,38.138412,15.656923,4.60,1217,26,38,81.00,0,21.6,0
29/11/2023 10:23:37,38.138412,15.656923,4.60,1212,26,38,81.00,0,21.6,0
29/11/2023 10:23:40,38.138130,15.657013,4.70,1179,26,35,81.00,0,21.6,0
29/11/2023 10:23:40,38.138130,15.657013,4.70,1204,26,38,81.00,0,21.6,0
29/11/2023 10:23:43,38.137852,15.657097,4.90,1235,26,39,81.00,0,21.6,0
29/11/2023 10:23:43,38.137852,15.657097,4.90,1224,26,38,82.00,0,21.6,0
29/11/2023 10:23:46,38.137573,15.657178,5.10,1209,26,38,82.00,0,21.6,0
29/11/2023 10:23:46,38.137573,15.657178,5.10,1186,26,37,82.00,0,21.6,0
29/11/2023 10:23:49,38.137295,15.657265,5.10,1169,26,36,82.00,0,21.6,0
29/11/2023 10:23:49,38.137295,15.657265,5.10,1176,26,37,82.00,0,21.6,0
29/11/2023 10:23:52,38.137020,15.657350,4.20,1213,26,38,82.00,0,21.6,0
29/11/2023 10:23:54,38.136837,15.657369,3.70,1224,26,38,82.00,0,21.6,0
29/11/2023 10:23:55,38.136742,15.657355,3.70,1249,26,39,82.00,0,21.6,0
29/11/2023 10:23:57,38.136551,15.657300,3.60,1280,26,40,82.00,0,21.6,0
29/11/2023 10:23:58,38.136452,15.657271,3.60,1313,26,41,83.00,0,21.6,0
29/11/2023 10:24:00,38.136253,15.657213,3.50,1331,26,42,83.00,0,21.6,0
29/11/2023 10:24:00,38.136253,15.657213,3.50,1344,26,42,83.00,0,21.6,0
29/11/2023 10:24:03,38.135941,15.657124,3.90,1359,26,43,83.00,0,21.6,0
29/11/2023 10:24:04,38.135838,15.657090,3.90,1355,26,42,83.00,0,21.6,0
29/11/2023 10:24:06,38.135632,15.657025,3.90,1347,26,42,83.00,0,21.6,0
29/11/2023 10:24:06,38.135632,15.657025,3.90,1373,26,43,83.00,0,21.6,0
29/11/2023 10:24:09,38.135319,15.656921,4.10,1367,26,43,83.00,0,21.6,0
29/11/2023 10:24:09,38.135319,15.656921,4.10,1354,26,42,83.00,0,21.6,0
29/11/2023 10:24:12,38.135002,15.656800,4.10,1323,26,41,83.00,0,21.6,0
29/11/2023 10:24:14,38.134800,15.656712,5.00,1300,26,41,83.00,0,21.6,0
29/11/2023 10:24:14,38.134800,15.656712,5.00,1309,26,41,83.00,0,21.6,0
29/11/2023 10:24:17,38.134502,15.656567,5.20,1297,26,41,83.00,0,21.6,0
29/11/2023 10:24:17,38.134502,15.656567,5.20,1311,26,41,83.00,0,21.6,0
29/11/2023 10:24:20,38.134220,15.656402,5.20,1286,26,40,83.00,0,21.6,0
29/11/2023 10:24:22,38.134033,15.656292,6.00,1251,26,39,82.00,0,21.6,0
29/11/2023 10:24:23,38.133942,15.656235,6.00,1195,26,37,82.00,0,21.6,0
29/11/2023 10:24:25,38.133762,15.656130,6.00,1089,26,36,82.00,0,21.6,0
29/11/2023 10:24:25,38.133762,15.656130,6.00,1035,26,33,82.00,0,21.6,0
29/11/2023 10:24:28,38.133518,15.655980,5.50,1331,26,29,82.00,0,21.6,0
29/11/2023 10:24:29,38.133446,15.655925,5.50,1210,26,27,82.00,0,21.6,0
29/11/2023 10:24:31,38.133343,15.655790,5.50,1149,26,25,82.00,0,21.6,0
29/11/2023 10:24:31,38.133343,15.655790,5.50,1097,26,24,82.00,0,21.6,0
29/11/2023 10:24:34,38.133263,15.655565,6.00,964,26,19,82.00,0,21.6,0
29/11/2023 10:24:34,38.133263,15.655565,6.00,919,26,14,82.00,0,21.6,0
29/11/2023 10:24:37,38.133152,15.655414,7.20,918,26,10,82.00,0,21.6,0
29/11/2023 10:24:37,38.133152,15.655414,7.20,1159,26,8,82.00,0,21.6,0
29/11/2023 10:24:40,38.133064,15.655358,7.20,1844,26,14,82.00,0,21.6,0
29/11/2023 10:24:40,38.133064,15.655358,7.20,1797,26,16,82.00,0,21.6,0
29/11/2023 10:24:43,38.132984,15.655325,9.30,1180,25,16,82.00,0,21.6,0
29/11/2023 10:24:45,38.132904,15.655285,10.10,1269,25,18,82.00,0,21.6,0
29/11/2023 10:24:46,38.132862,15.655267,10.10,1437,25,21,82.00,0,21.6,0
29/11/2023 10:24:48,38.132778,15.655229,11.00,1446,25,21,82.00,0,21.6,0
29/11/2023 10:24:49,38.132732,15.655207,11.00,1624,25,24,82.00,0,21.6,0
29/11/2023 10:24:51,38.132633,15.655157,11.50,1979,25,29,83.00,0,21.6,0
29/11/2023 10:24:52,38.132580,15.655128,11.50,1357,25,31,83.00,0,21.6,0
29/11/2023 10:24:54,38.132458,15.655058,11.10,1579,25,35,83.00,0,21.6,0
29/11/2023 10:24:54,38.132458,15.655058,11.10,1718,25,39,83.00,0,21.6,0
29/11/2023 10:24:57,38.132248,15.654892,10.40,1734,25,38,84.00,0,21.6,0
29/11/2023 10:24:57,38.132248,15.654892,10.40,1667,25,37,84.00,0,21.6,0
29/11/2023 10:25:00,38.132027,15.654654,10.40,1647,25,37,84.00,0,21.6,0
29/11/2023 10:25:00,38.132027,15.654654,10.40,1601,25,36,84.00,0,21.6,0
29/11/2023 10:25:03,38.131779,15.654471,11.80,1521,25,34,84.00,0,21.6,0
29/11/2023 10:25:03,38.131779,15.654471,11.80,1458,25,33,84.00,0,21.6,0
29/11/2023 10:25:06,38.131519,15.654373,13.10,1521,25,34,84.00,0,21.6,0
29/11/2023 10:25:08,38.131355,15.654328,13.70,1637,25,36,84.00,0,21.6,0
29/11/2023 10:25:09,38.131271,15.654304,13.70,1712,25,38,84.00,0,21.6,0
29/11/2023 10:25:11,38.131096,15.654245,14.00,1805,25,40,84.00,0,21.6,0
29/11/2023 10:25:11,38.131096,15.654245,14.00,1867,25,42,83.00,0,21.6,0
29/11/2023 10:25:14,38.130817,15.654120,14.00,1945,25,44,83.00,0,21.6,0
29/11/2023 10:25:14,38.130817,15.654120,14.00,1923,25,45,83.00,0,21.6,0
29/11/2023 10:25:17,38.130547,15.653907,14.00,1430,25,45,83.00,0,21.6,0
29/11/2023 10:25:17,38.130547,15.653907,14.00,1465,25,46,83.00,0,21.6,0
29/11/2023 10:25:20,38.130268,15.653642,14.20,1482,25,47,83.00,0,21.6,0
29/11/2023 10:25:20,38.130268,15.653642,14.20,1525,25,48,83.00,0,21.6,0
29/11/2023 10:25:23,38.129986,15.653372,14.50,1551,25,49,83.00,0,21.6,0
29/11/2023 10:25:23,38.129986,15.653372,14.50,1577,25,50,83.00,0,21.6,0
29/11/2023 10:25:26,38.129684,15.653116,14.50,1652,25,52,83.00,0,21.6,0
29/11/2023 10:25:28,38.129459,15.652966,14.60,1716,25,54,83.00,0,21.6,0
29/11/2023 10:25:29,38.129341,15.652900,14.60,1840,25,58,83.00,0,21.6,0
29/11/2023 10:25:31,38.129086,15.652781,14.40,1983,25,63,83.00,0,21.6,0
29/11/2023 10:25:32,38.128948,15.652735,14.40,2119,25,67,83.00,0,21.6,0
29/11/2023 10:25:34,38.128643,15.652670,14.40,2253,25,71,83.00,0,21.6,0
29/11/2023 10:25:35,38.128479,15.652648,14.40,1607,25,71,83.00,0,21.6,0
29/11/2023 10:25:37,38.128128,15.652634,14.20,1653,25,70,84.00,0,21.6,0
29/11/2023 10:25:38,38.127945,15.652637,14.20,1618,25,68,84.00,0,21.6,0
29/11/2023 10:25:40,38.127594,15.652654,13.80,1584,25,67,84.00,0,21.6,0
29/11/2023 10:25:41,38.127419,15.652663,13.80,1533,25,64,84.00,0,21.6,0
29/11/2023 10:25:43,38.127079,15.652688,13.40,1485,25,63,84.00,0,21.6,0
29/11/2023 10:25:44,38.126915,15.652705,13.40,1444,25,61,84.00,0,21.6,0
29/11/2023 10:25:46,38.126595,15.652737,13.10,1406,25,59,84.00,0,21.6,0
29/11/2023 10:25:46,38.126595,15.652737,13.10,1365,25,57,84.00,0,21.6,0
29/11/2023 10:25:49,38.126141,15.652780,12.70,1343,25,57,84.00,0,21.6,0
29/11/2023 10:25:49,38.126141,15.652780,12.70,1345,25,57,84.00,0,21.6,0
29/11/2023 10:25:52,38.125710,15.652822,12.50,1374,25,58,84.00,0,21.6,0
29/11/2023 10:25:52,38.125710,15.652822,12.50,1393,25,59,83.00,0,21.6,0
29/11/2023 10:25:55,38.125278,15.652862,12.10,1404,25,59,83.00,0,21.6,0
29/11/2023 10:25:55,38.125278,15.652862,12.10,1412,25,59,83.00,0,21.6,0
29/11/2023 10:25:58,38.124840,15.652900,11.80,1411,25,59,83.00,0,21.6,0
29/11/2023 10:25:58,38.124840,15.652900,11.80,1422,25,60,83.00,0,21.6,0
29/11/2023 10:26:01,38.124390,15.652924,11.50,1442,25,61,82.00,0,21.6,0
29/11/2023 10:26:03,38.124088,15.652930,11.30,1458,25,62,82.00,0,21.6,0
29/11/2023 10:26:04,38.123932,15.652931,11.30,1473,25,62,82.00,0,21.6,0
29/11/2023 10:26:06,38.123623,15.652935,11.10,1482,25,63,82.00,0,21.6,0
29/11/2023 10:26:06,38.123623,15.652935,11.10,1494,25,63,82.00,0,21.6,0
29/11/2023 10:26:09,38.123154,15.652928,10.70,1509,25,64,82.00,0,21.6,0
29/11/2023 10:26:09,38.123154,15.652928,10.70,1516,25,64,82.00,0,21.6,0
29/11/2023 10:26:12,38.122681,15.652852,10.30,1537,25,65,82.00,0,21.6,0
29/11/2023 10:26:12,38.122681,15.652852,10.30,1564,25,66,82.00,0,21.6,0
29/11/2023 10:26:15,38.122215,15.652661,10.10,1577,25,67,82.00,0,21.6,0
29/11/2023 10:26:15,38.122215,15.652661,10.10,1592,25,67,83.00,0,21.6,0
29/11/2023 10:26:18,38.121777,15.652365,9.50,1584,25,67,83.00,0,21.6,0
29/11/2023 10:26:20,38.121510,15.652103,8.70,1554,25,66,83.00,0,21.6,0
29/11/2023 10:26:21,38.121387,15.651958,8.70,1518,25,64,83.00,0,21.6,0
29/11/2023 10:26:23,38.121147,15.651658,7.90,1464,25,62,83.00,0,21.6,0
29/11/2023 10:26:24,38.121033,15.651510,7.90,1415,25,59,83.00,0,21.6,0
29/11/2023 10:26:26,38.120811,15.651225,8.10,1328,25,56,83.00,0,21.6,0
29/11/2023 10:26:26,38.120811,15.651225,8.10,1255,25,53,83.00,0,21.6,0
29/11/2023 10:26:29,38.120495,15.650824,8.30,1208,25,51,83.00,0,21.6,0
29/11/2023 10:26:29,38.120495,15.650824,8.30,1076,25,47,83.00,0,21.6,0
29/11/2023 10:26:32,38.120224,15.650458,8.70,1376,25,44,83.00,0,21.6,0
29/11/2023 10:26:32,38.120224,15.650458,8.70,1277,25,40,83.00,0,21.6,0
29/11/2023 10:26:35,38.119984,15.650128,9.60,1169,25,36,83.00,0,21.6,0
29/11/2023 10:26:35,38.119984,15.650128,9.60,952,25,30,83.00,0,21.6,0
29/11/2023 10:26:38,38.119755,15.649888,9.90,958,25,23,83.00,0,21.6,0
29/11/2023 10:26:39,38.119678,15.649838,9.90,899,25,18,83.00,0,21.6,0
29/11/2023 10:26:41,38.119560,15.649775,10.30,883,25,13,82.00,0,21.6,0
29/11/2023 10:26:41,38.119560,15.649775,10.30,893,26,11,82.00,0,21.6,0
29/11/2023 10:26:44,38.119442,15.649734,10.90,895,26,8,82.00,0,21.6,0
29/11/2023 10:26:44,38.119442,15.649734,10.90,860,26,7,82.00,0,21.6,0
29/11/2023 10:26:47,38.119366,15.649716,11.20,990,26,8,82.00,0,21.6,0
29/11/2023 10:26:49,38.119331,15.649714,11.40,1720,26,14,82.00,0,21.6,0
29/11/2023 10:26:50,38.119312,15.649710,11.40,1250,26,18,82.00,0,21.6,0
29/11/2023 10:26:52,38.119255,15.649703,11.10,1654,26,24,82.00,0,21.6,0
29/11/2023 10:26:53,38.119213,15.649698,11.10,1598,25,22,82.00,0,21.6,0
29/11/2023 10:26:55,38.119106,15.649695,10.90,1447,25,20,82.00,0,21.6,0
29/11/2023 10:26:55,38.119106,15.649695,10.90,866,25,16,82.00,0,21.6,0
29/11/2023 10:26:58,38.118938,15.649716,10.70,896,25,11,82.00,0,21.6,0
29/11/2023 10:26:59,38.118893,15.649727,10.70,1006,25,15,82.00,0,21.6,0
29/11/2023 10:27:01,38.118824,15.649738,10.20,1423,25,21,82.00,0,21.6,0
29/11/2023 10:27:01,38.118824,15.649738,10.20,1805,25,26,82.00,0,21.6,0
29/11/2023 10:27:04,38.118702,15.649747,9.70,1215,25,26,82.00,0,21.6,0
29/11/2023 10:27:04,38.118702,15.649747,9.70,1316,25,29,82.00,0,21.6,0
29/11/2023 10:27:07,38.118515,15.649761,9.10,1368,25,31,82.00,0,21.6,0
29/11/2023 10:27:07,38.118515,15.649761,9.10,1422,25,32,82.00,0,21.6,0
29/11/2023 10:27:10,38.118290,15.649787,8.80,1454,25,32,82.00,0,21.6,0
29/11/2023 10:27:10,38.118290,15.649787,8.80,1466,25,33,82.00,0,21.6,0
29/11/2023 10:27:13,38.118042,15.649810,8.50,1468,25,32,83.00,0,21.6,0
29/11/2023 10:27:15,38.117870,15.649835,8.60,1428,25,32,83.00,0,21.6,0
29/11/2023 10:27:16,38.117790,15.649845,8.60,1422,25,32,83.00,0,21.6,0
29/11/2023 10:27:18,38.117630,15.649868,7.70,1381,25,31,83.00,0,21.6,0
29/11/2023 10:27:19,38.117550,15.649880,7.70,1317,25,29,83.00,0,21.6,0
29/11/2023 10:27:21,38.117390,15.649901,7.50,1122,25,26,83.00,0,21.6,0
29/11/2023 10:27:22,38.117313,15.649915,7.50,931,25,21,83.00,0,21.6,0
29/11/2023 10:27:24,38.117176,15.649935,7.90,896,25,13,83.00,0,21.6,0
29/11/2023 10:27:25,38.117119,15.649945,7.90,882,25,6,83.00,0,21.6,0
29/11/2023 10:27:27,38.117039,15.649959,9.00,836,25,2,83.00,0,21.6,0
29/11/2023 10:27:28,38.117016,15.649961,9.00,817,25,6,83.00,0,21.6,0
29/11/2023 10:27:30,38.116997,15.649966,9.60,940,25,6,83.00,0,21.6,0
29/11/2023 10:27:30,38.116997,15.649966,9.60,991,25,8,83.00,0,21.6,0
29/11/2023 10:27:33,38.116951,15.649973,9.90,841,25,6,83.00,0,21.6,0
29/11/2023 10:27:34,38.116932,15.649975,9.90,941,25,7,83.00,0,21.6,0
29/11/2023 10:27:36,38.116901,15.649975,9.60,1114,25,8,83.00,0,21.6,0
29/11/2023 10:27:36,38.116901,15.649975,9.60,1350,25,10,83.00,0,21.6,0
29/11/2023 10:27:39,38.116844,15.649980,9.80,842,25,11,83.00,0,21.6,0
29/11/2023 10:27:39,38.116844,15.649980,9.80,960,25,14,83.00,0,21.6,0
29/11/2023 10:27:42,38.116764,15.649986,9.80,1086,25,16,82.00,0,21.6,0
29/11/2023 10:27:42,38.116764,15.649986,9.80,1182,25,17,82.00,0,21.6,0
29/11/2023 10:27:45,38.116657,15.649997,9.50,1275,25,18,82.00,0,21.6,0
29/11/2023 10:27:45,38.116657,15.649997,9.50,1307,25,18,82.00,0,21.6,0
29/11/2023 10:27:48,38.116528,15.650019,9.60,1324,25,19,82.00,0,21.6,0
29/11/2023 10:27:48,38.116528,15.650019,9.60,1262,25,18,82.00,0,21.6,0
29/11/2023 10:27:51,38.116383,15.650039,9.60,1138,25,16,82.00,0,21.6,0
29/11/2023 10:27:53,38.116291,15.650052,9.40,997,25,14,82.00,0,21.6,0
29/11/2023 10:27:54,38.116249,15.650059,9.40,924,25,13,82.00,0,21.6,0
29/11/2023 10:27:54,38.116249,15.650059,9.40,899,25,12,82.00,0,21.6,0
29/11/2023 10:27:57,38.116142,15.650077,9.00,892,25,8,82.00,0,21.6,0
29/11/2023 10:27:59,38.116081,15.650088,9.00,877,25,8,82.00,0,21.6,0
29/11/2023 10:28:00,38.116055,15.650093,9.00,793,25,10,82.00,0,21.6,0
29/11/2023 10:28:02,38.116009,15.650100,9.40,1055,25,15,82.00,0,21.6,0
29/11/2023 10:28:03,38.115986,15.650102,9.40,1108,25,16,82.00,0,21.6,0
29/11/2023 10:28:05,38.115913,15.650110,9.70,1075,25,15,82.00,0,21.6,0
29/11/2023 10:28:05,38.115913,15.650110,9.70,1128,25,16,82.00,0,21.6,0
29/11/2023 10:28:08,38.115795,15.650125,9.50,1252,25,18,82.00,0,21.6,0
29/11/2023 10:28:09,38.115753,15.650130,9.50,1379,25,20,82.00,0,21.6,0
29/11/2023 10:28:11,38.115669,15.650140,9.20,1517,25,22,82.00,0,21.6,0
29/11/2023 10:28:11,38.115669,15.650140,9.20,1660,25,24,82.00,0,21.6,0
29/11/2023 10:28:14,38.115517,15.650160,9.00,1789,25,26,82.00,0,21.6,0
29/11/2023 10:28:14,38.115517,15.650160,9.00,895,25,25,82.00,0,21.6,0
29/11/2023 10:28:17,38.115330,15.650191,9.00,1136,25,25,82.00,0,21.6,0
29/11/2023 10:28:17,38.115330,15.650191,9.00,1105,25,25,82.00,0,21.6,0
29/11/2023 10:28:20,38.115135,15.650225,8.90,1117,25,24,82.00,0,21.6,0
29/11/2023 10:28:22,38.115002,15.650235,9.40,1104,25,25,82.00,0,21.6,0
29/11/2023 10:28:22,38.115002,15.650235,9.40,1146,25,25,82.00,0,21.6,0
29/11/2023 10:28:25,38.114819,15.650224,9.80,1187,25,26,83.00,0,21.6,0
29/11/2023 10:28:25,38.114819,15.650224,9.80,1246,25,28,83.00,0,21.6,0
29/11/2023 10:28:28,38.114628,15.650155,10.40,1303,25,29,83.00,0,21.6,0
29/11/2023 10:28:29,38.114563,15.650118,10.40,1357,25,30,83.00,0,21.6,0
29/11/2023 10:28:31,38.114433,15.650032,10.50,1368,25,30,83.00,0,21.6,0
29/11/2023 10:28:31,38.114433,15.650032,10.50,1358,25,30,84.00,0,21.6,0
29/11/2023 10:28:34,38.114243,15.649863,10.80,1312,25,29,84.00,0,21.6,0
29/11/2023 10:28:34,38.114243,15.649863,10.80,1241,25,29,84.00,0,21.6,0
29/11/2023 10:28:37,38.114079,15.649660,10.50,1182,25,26,84.00,0,21.6,0
29/11/2023 10:28:37,38.114079,15.649660,10.50,1097,25,24,84.00,0,21.6,0
29/11/2023 10:28:40,38.113941,15.649460,10.10,901,25,20,84.00,0,21.6,0
29/11/2023 10:28:42,38.113861,15.649339,10.10,906,25,14,83.00,0,21.6,0
29/11/2023 10:28:43,38.113827,15.649286,10.10,882,25,5,83.00,0,21.6,0
29/11/2023 10:28:45,38.113770,15.649210,10.60,823,25,2,83.00,0,21.6,0
29/11/2023 10:28:46,38.113750,15.649192,10.60,824,25,0,83.00,0,21.6,0
29/11/2023 10:28:48,38.113747,15.649181,10.80,795,25,0,83.00,0,21.6,0
29/11/2023 10:28:49,38.113747,15.649181,10.80,1011,25,0,83.00,0,21.6,0
29/11/2023 10:28:51,38.113747,15.649183,10.90,881,25,2,83.00,0,21.6,0
29/11/2023 10:28:51,38.113747,15.649183,10.90,1246,25,10,83.00,0,21.6,0
29/11/2023 10:28:54,38.113747,15.649181,10.90,1667,25,14,83.00,0,21.6,0
29/11/2023 10:28:54,38.113747,15.649181,10.90,1147,25,17,83.00,0,21.6,0
29/11/2023 10:28:57,38.113701,15.649120,10.90,1448,25,21,83.00,0,21.6,0
29/11/2023 10:28:57,38.113701,15.649120,10.90,1609,25,23,83.00,0,21.6,0
29/11/2023 10:29:00,38.113621,15.648976,11.10,1640,25,23,83.00,0,21.6,0
29/11/2023 10:29:00,38.113621,15.648976,11.10,1710,25,25,83.00,0,21.6,0
29/11/2023 10:29:03,38.113510,15.648804,11.20,911,25,24,82.00,0,21.6,0
29/11/2023 10:29:04,38.113468,15.648744,11.20,1157,25,26,82.00,0,21.6,0
29/11/2023 10:29:06,38.113384,15.648623,10.90,1276,25,29,82.00,0,21.6,0
29/11/2023 10:29:06,38.113384,15.648623,10.90,1349,25,30,82.00,0,21.6,0
29/11/2023 10:29:09,38.113255,15.648425,10.70,1359,25,30,82.00,0,21.6,0
29/11/2023 10:29:11,38.113159,15.648273,11.30,1335,25,30,82.00,0,21.6,0
29/11/2023 10:29:12,38.113110,15.648198,11.30,1273,25,28,82.00,0,21.6,0
29/11/2023 10:29:14,38.113010,15.648048,11.00,1227,25,27,82.00,0,21.6,0
29/11/2023 10:29:14,38.113010,15.648048,11.00,1229,25,27,82.00,0,21.6,0
29/11/2023 10:29:17,38.112877,15.647833,11.00,1241,25,27,82.00,0,21.6,0
29/11/2023 10:29:17,38.112877,15.647833,11.00,1234,25,27,82.00,0,21.6,0
29/11/2023 10:29:20,38.112740,15.647627,11.20,1206,25,27,82.00,0,21.6,0
29/11/2023 10:29:20,38.112740,15.647627,11.20,1154,25,25,82.00,0,21.6,0
29/11/2023 10:29:23,38.112606,15.647424,11.30,1083,25,24,82.00,0,21.6,0
29/11/2023 10:29:24,38.112564,15.647358,11.30,1024,25,22,82.00,0,21.6,0
29/11/2023 10:29:26,38.112480,15.647237,11.30,1071,25,24,82.00,0,21.6,0
29/11/2023 10:29:26,38.112480,15.647237,11.30,1243,25,28,82.00,0,21.6,0
29/11/2023 10:29:29,38.112370,15.647063,11.50,1349,25,30,82.00,0,21.6,0
29/11/2023 10:29:29,38.112370,15.647063,11.50,1421,25,32,82.00,0,21.6,0
29/11/2023 10:29:32,38.112228,15.646863,11.30,1478,25,33,82.00,0,21.6,0
29/11/2023 10:29:32,38.112228,15.646863,11.30,1410,25,31,82.00,0,21.6,0
29/11/2023 10:29:35,38.112076,15.646626,11.30,1326,25,29,82.00,0,21.6,0
29/11/2023 10:29:37,38.111973,15.646470,11.30,1277,25,29,82.00,0,21.6,0
29/11/2023 10:29:37,38.111973,15.646470,11.30,1305,25,29,82.00,0,21.6,0
29/11/2023 10:29:40,38.111828,15.646254,11.20,1313,25,29,82.00,0,21.6,0
29/11/2023 10:29:40,38.111828,15.646254,11.20,1253,25,28,82.00,0,21.6,0
29/11/2023 10:29:43,38.111683,15.646042,10.90,1177,25,26,82.00,0,21.6,0
29/11/2023 10:29:44,38.111633,15.645971,10.90,1124,25,25,82.00,0,21.6,0
29/11/2023 10:29:46,38.111549,15.645839,10.90,1165,25,26,82.00,0,21.6,0
29/11/2023 10:29:46,38.111549,15.645839,10.90,1217,25,27,82.00,0,21.6,0
29/11/2023 10:29:49,38.111427,15.645652,10.80,1218,25,27,82.00,0,21.6,0
29/11/2023 10:29:49,38.111427,15.645652,10.80,1205,25,27,82.00,0,21.6,0
29/11/2023 10:29:52,38.111294,15.645452,10.70,1230,25,27,82.00,0,21.6,0
29/11/2023 10:29:52,38.111294,15.645452,10.70,1248,25,28,82.00,0,21.6,0
29/11/2023 10:29:55,38.111164,15.645250,10.70,1230,25,27,82.00,0,21.6,0
29/11/2023 10:29:57,38.111069,15.645115,10.50,1206,25,27,82.00,0,21.6,0
29/11/2023 10:29:58,38.111023,15.645048,10.50,1176,25,26,82.00,0,21.6,0
29/11/2023 10:30:00,38.110935,15.644915,10.40,1096,25,24,82.00,0,21.6,0
29/11/2023 10:30:00,38.110935,15.644915,10.40,933,25,17,82.00,0,21.6,0
29/11/2023 10:30:03,38.110809,15.644730,10.20,902,26,14,82.00,0,21.6,0
29/11/2023 10:30:04,38.110775,15.644680,10.20,969,26,13,82.00,0,21.6,0
29/11/2023 10:30:06,38.110722,15.644608,10.10,1116,26,16,82.00,0,21.6,0
29/11/2023 10:30:06,38.110722,15.644608,10.10,1324,26,19,82.00,0,21.6,0
29/11/2023 10:30:09,38.110649,15.644510,9.80,979,26,20,82.00,0,21.6,0
29/11/2023 10:30:09,38.110649,15.644510,9.80,1025,26,23,82.00,0,21.6,0
29/11/2023 10:30:12,38.110550,15.644375,9.70,1074,26,24,82.00,0,21.6,0
29/11/2023 10:30:12,38.110550,15.644375,9.70,1077,26,24,82.00,0,21.6,0
29/11/2023 10:30:15,38.110447,15.644200,9.30,1112,26,25,82.00,0,21.6,0
29/11/2023 10:30:15,38.110447,15.644200,9.30,1161,26,26,82.00,0,21.6,0
29/11/2023 10:30:18,38.110336,15.644010,9.10,1220,26,27,82.00,0,21.6,0
29/11/2023 10:30:18,38.110336,15.644010,9.10,1276,26,28,82.00,0,21.6,0
29/11/2023 10:30:21,38.110214,15.643810,9.30,1226,26,27,82.00,0,21.6,0
29/11/2023 10:30:23,38.110123,15.643672,9.20,1184,26,27,82.00,0,21.6,0
29/11/2023 10:30:24,38.110077,15.643603,9.20,1136,26,25,82.00,0,21.6,0
29/11/2023 10:30:26,38.109989,15.643474,9.00,1073,26,24,82.00,0,21.6,0
29/11/2023 10:30:27,38.109947,15.643410,9.00,1058,26,23,82.00,0,21.6,0
29/11/2023 10:30:29,38.109867,15.643290,8.90,1074,26,24,82.00,0,21.6,0
29/11/2023 10:30:29,38.109867,15.643290,8.90,1106,26,24,82.00,0,21.6,0
29/11/2023 10:30:32,38.109753,15.643115,8.80,1111,26,25,82.00,0,21.6,0
29/11/2023 10:30:32,38.109753,15.643115,8.80,1171,26,26,82.00,0,21.6,0
29/11/2023 10:30:35,38.109631,15.642935,8.70,1232,26,28,82.00,0,21.6,0
29/11/2023 10:30:35,38.109631,15.642935,8.70,1302,26,29,82.00,0,21.6,0
29/11/2023 10:30:38,38.109501,15.642743,8.30,1353,26,30,82.00,0,21.6,0
29/11/2023 10:30:38,38.109501,15.642743,8.30,1382,26,31,82.00,0,21.6,0
29/11/2023 10:30:41,38.109360,15.642525,8.20,1420,26,32,82.00,0,21.6,0
29/11/2023 10:30:43,38.109257,15.642375,8.30,1449,26,32,82.00,0,21.6,0
29/11/2023 10:30:44,38.109207,15.642297,8.30,1464,26,32,82.00,0,21.6,0
29/11/2023 10:30:46,38.109100,15.642138,8.20,1496,26,33,82.00,0,21.6,0
29/11/2023 10:30:47,38.109051,15.642056,8.20,1537,26,34,82.00,0,21.6,0
29/11/2023 10:30:49,38.108940,15.641893,8.10,1576,26,35,82.00,0,21.6,0
29/11/2023 10:30:50,38.108887,15.641810,8.10,1639,26,37,82.00,0,21.6,0
29/11/2023 10:30:52,38.108768,15.641640,7.90,1720,26,38,82.00,0,21.6,0
29/11/2023 10:30:53,38.108711,15.641552,7.90,1247,26,38,82.00,0,21.6,0
29/11/2023 10:30:55,38.108589,15.641367,7.60,1234,26,39,82.00,0,21.6,0
29/11/2023 10:30:55,38.108589,15.641367,7.60,1252,26,40,82.00,0,21.6,0
29/11/2023 10:30:58,38.108398,15.641084,7.50,1248,26,39,82.00,0,21.6,0
29/11/2023 10:30:58,38.108398,15.641084,7.50,1209,26,38,82.00,0,21.6,0
29/11/2023 10:31:01,38.108204,15.640794,7.30,1167,26,36,82.00,0,21.6,0
29/11/2023 10:31:01,38.108204,15.640794,7.30,1115,26,35,83.00,0,21.6,0
29/11/2023 10:31:04,38.108017,15.640516,7.10,1109,26,34,83.00,0,21.6,0
29/11/2023 10:31:04,38.108017,15.640516,7.10,1067,26,33,83.00,0,21.6,0
29/11/2023 10:31:07,38.107845,15.640264,7.00,1042,26,32,83.00,0,21.6,0
29/11/2023 10:31:07,38.107845,15.640264,7.00,1012,26,31,83.00,0,21.6,0
29/11/2023 10:31:10,38.107685,15.640015,7.00,990,26,31,83.00,0,21.6,0
29/11/2023 10:31:12,38.107582,15.639858,6.90,976,26,30,83.00,0,21.6,0
29/11/2023 10:31:13,38.107536,15.639782,6.90,1026,26,32,83.00,0,21.6,0
29/11/2023 10:31:15,38.107433,15.639631,6.90,1029,26,32,83.00,0,21.6,0
29/11/2023 10:31:16,38.107380,15.639555,6.90,1063,26,33,83.00,0,21.6,0
29/11/2023 10:31:18,38.107273,15.639400,6.90,1084,26,34,83.00,0,21.6,0
29/11/2023 10:31:19,38.107216,15.639323,6.90,1084,26,34,83.00,0,21.6,0
29/11/2023 10:31:21,38.107094,15.639172,6.60,1073,26,34,83.00,0,21.6,0
29/11/2023 10:31:21,38.107094,15.639172,6.60,1082,26,34,83.00,0,21.6,0
29/11/2023 10:31:24,38.106895,15.638962,6.60,1070,26,34,83.00,0,21.6,0
29/11/2023 10:31:24,38.106895,15.638962,6.60,1048,26,33,83.00,0,21.6,0
29/11/2023 10:31:27,38.106682,15.638779,6.50,1042,26,33,83.00,0,21.6,0
29/11/2023 10:31:27,38.106682,15.638779,6.50,1058,26,33,83.00,0,21.6,0
29/11/2023 10:31:30,38.106464,15.638627,6.30,1070,26,34,83.00,0,21.6,0
29/11/2023 10:31:30,38.106464,15.638627,6.30,1098,26,34,83.00,0,21.6,0
29/11/2023 10:31:33,38.106236,15.638494,6.20,1115,26,35,83.00,0,21.6,0
29/11/2023 10:31:34,38.106159,15.638450,6.20,1142,26,36,83.00,0,21.6,0
29/11/2023 10:31:36,38.105999,15.638360,6.20,1151,26,36,83.00,0,21.6,0
29/11/2023 10:31:36,38.105999,15.638360,6.20,1134,26,35,83.00,0,21.6,0
29/11/2023 10:31:39,38.105751,15.638228,6.20,1124,26,35,83.00,0,21.6,0
29/11/2023 10:31:39,38.105751,15.638228,6.20,1098,26,34,83.00,0,21.6,0
29/11/2023 10:31:42,38.105507,15.638090,6.20,1069,26,33,83.00,0,21.6,0
29/11/2023 10:31:44,38.105347,15.637992,6.90,1015,26,31,83.00,0,21.6,0
29/11/2023 10:31:45,38.105270,15.637941,6.90,1017,26,27,83.00,0,21.6,0
29/11/2023 10:31:47,38.105133,15.637841,7.10,1130,26,25,83.00,0,21.6,0
29/11/2023 10:31:47,38.105133,15.637841,7.10,1092,26,24,83.00,0,21.6,0
29/11/2023 10:31:50,38.104965,15.637700,7.20,1089,26,24,83.00,0,21.6,0
29/11/2023 10:31:50,38.104965,15.637700,7.20,1007,26,22,82.00,0,21.6,0
29/11/2023 10:31:53,38.104816,15.637562,7.40,982,26,22,82.00,0,21.6,0
29/11/2023 10:31:54,38.104767,15.637520,7.40,1027,26,23,82.00,0,21.6,0
29/11/2023 10:31:56,38.104668,15.637452,7.50,1061,26,24,82.00,0,21.6,0
29/11/2023 10:31:56,38.104668,15.637452,7.50,1069,26,23,82.00,0,21.6,0
29/11/2023 10:31:59,38.104511,15.637370,7.70,1038,26,23,82.00,0,21.6,0
29/11/2023 10:31:59,38.104511,15.637370,7.70,1032,26,22,82.00,0,21.6,0
29/11/2023 10:32:02,38.104355,15.637261,7.70,990,26,22,82.00,0,21.6,0
29/11/2023 10:32:02,38.104355,15.637261,7.70,975,26,22,82.00,0,21.6,0
29/11/2023 10:32:05,38.104214,15.637136,8.20,947,26,21,82.00,0,21.6,0
29/11/2023 10:32:05,38.104214,15.637136,8.20,951,26,21,82.00,0,21.6,0
29/11/2023 10:32:08,38.104080,15.637005,8.90,922,26,20,82.00,0,21.6,0
29/11/2023 10:32:08,38.104080,15.637005,8.90,985,26,22,82.00,0,21.6,0
29/11/2023 10:32:11,38.103958,15.636871,9.30,984,26,22,82.00,0,21.6,0
29/11/2023 10:32:13,38.103870,15.636784,9.60,976,26,21,82.00,0,21.6,0
29/11/2023 10:32:14,38.103828,15.636742,9.60,953,26,21,82.00,0,21.6,0
29/11/2023 10:32:16,38.103741,15.636659,9.90,980,26,22,82.00,0,21.6,0
29/11/2023 10:32:16,38.103741,15.636659,9.90,963,26,18,82.00,0,21.6,0
29/11/2023 10:32:19,38.103611,15.636534,9.60,913,26,10,82.00,0,21.6,0
29/11/2023 10:32:19,38.103611,15.636534,9.60,876,26,3,81.00,0,21.6,0
29/11/2023 10:32:22,38.103512,15.636428,9.50,827,26,1,81.00,0,21.6,0
29/11/2023 10:32:22,38.103512,15.636428,9.50,819,26,0,81.00,0,21.6,0
29/11/2023 10:32:25,38.103497,15.636409,9.20,966,26,2,81.00,0,21.6,0
29/11/2023 10:32:25,38.103497,15.636409,9.20,1205,26,9,81.00,0,21.6,0
29/11/2023 10:32:28,38.103493,15.636407,9.10,1993,26,15,81.00,0,21.6,0
29/11/2023 10:32:28,38.103493,15.636407,9.10,1185,26,17,81.00,0,21.6,0
29/11/2023 10:32:31,38.103447,15.636347,8.80,1473,26,21,81.00,0,21.6,0
29/11/2023 10:32:31,38.103447,15.636347,8.80,1687,26,24,82.00,0,21.6,0
29/11/2023 10:32:34,38.103352,15.636224,8.80,1795,26,26,82.00,0,21.6,0
29/11/2023 10:32:36,38.103264,15.636115,8.20,1758,26,25,82.00,0,21.6,0
29/11/2023 10:32:37,38.103218,15.636057,8.20,1801,26,26,82.00,0,21.6,0
29/11/2023 10:32:39,38.103119,15.635943,8.20,1865,26,27,82.00,0,21.6,0
29/11/2023 10:32:39,38.103119,15.635943,8.20,948,26,27,82.00,0,21.6,0
29/11/2023 10:32:42,38.102970,15.635774,8.10,1260,26,28,82.00,0,21.6,0
29/11/2023 10:32:43,38.102917,15.635716,8.10,1326,26,30,83.00,0,21.6,0
29/11/2023 10:32:45,38.102814,15.635595,8.10,1369,26,31,83.00,0,21.6,0
29/11/2023 10:32:46,38.102760,15.635529,8.10,1358,26,30,83.00,0,21.6,0
29/11/2023 10:32:48,38.102654,15.635390,7.90,1352,26,30,83.00,0,21.6,0
29/11/2023 10:32:49,38.102600,15.635322,7.90,1337,26,30,83.00,0,21.6,0
29/11/2023 10:32:51,38.102493,15.635186,7.90,1334,26,29,84.00,0,21.6,0
29/11/2023 10:32:52,38.102444,15.635117,7.90,1312,26,29,84.00,0,21.6,0
29/11/2023 10:32:54,38.102318,15.634995,8.90,1259,26,28,84.00,0,21.6,0
29/11/2023 10:32:54,38.102318,15.634995,8.90,1228,26,27,84.00,0,21.6,0
29/11/2023 10:32:57,38.102161,15.634802,8.90,1211,26,27,84.00,0,21.6,0
29/11/2023 10:32:57,38.102161,15.634802,8.90,1190,26,26,84.00,0,21.6,0
29/11/2023 10:33:00,38.102028,15.634632,9.20,1163,26,26,84.00,0,21.6,0
29/11/2023 10:33:00,38.102028,15.634632,9.20,1180,26,26,83.00,0,21.6,0
29/11/2023 10:33:03,38.101830,15.634650,9.30,1157,26,26,83.00,0,21.6,0
29/11/2023 10:33:04,38.101772,15.634706,9.30,1144,26,26,83.00,0,21.6,0
29/11/2023 10:33:06,38.101662,15.634815,9.10,1129,26,25,83.00,0,21.6,0
29/11/2023 10:33:06,38.101662,15.634815,9.10,1108,26,24,83.00,0,21.6,0
29/11/2023 10:33:09,38.101498,15.634956,9.90,1047,26,23,83.00,0,21.6,0
29/11/2023 10:33:09,38.101498,15.634956,9.90,990,26,22,83.00,0,21.6,0
29/11/2023 10:33:12,38.101360,15.635118,10.50,946,26,18,83.00,0,21.6,0
29/11/2023 10:33:12,38.101360,15.635118,10.50,910,26,13,83.00,0,21.6,0
29/11/2023 10:33:15,38.101273,15.635293,10.50,873,26,4,83.00,0,21.6,0
29/11/2023 10:33:17,38.101250,15.635384,12.00,829,26,1,83.00,0,21.6,0
29/11/2023 10:33:17,38.101250,15.635384,12.00,815,26,0,83.00,0,21.6,0
29/11/2023 10:33:20,38.101242,15.635420,11.90,1057,26,0,83.00,0,21.6,0
29/11/2023 10:33:21,38.101242,15.635420,11.90,883,26,5,83.00,0,21.6,0
29/11/2023 10:33:23,38.101242,15.635420,12.10,922,25,6,82.00,0,21.6,0
29/11/2023 10:33:24,38.101242,15.635424,12.10,878,25,5,82.00,0,21.6,0
29/11/2023 10:33:26,38.101234,15.635465,12.10,835,25,2,82.00,0,21.6,0
29/11/2023 10:33:26,38.101234,15.635465,12.10,1051,25,3,82.00,0,21.6,0
29/11/2023 10:33:29,38.101227,15.635511,12.10,1354,25,11,82.00,0,21.6,0
29/11/2023 10:33:29,38.101227,15.635511,12.10,1317,25,14,82.00,0,21.6,0
29/11/2023 10:33:32,38.101223,15.635560,12.20,1337,25,20,82.00,0,21.6,0
29/11/2023 10:33:32,38.101223,15.635560,12.20,1754,25,26,82.00,0,21.6,0
29/11/2023 10:33:35,38.101200,15.635705,11.90,2001,25,30,82.00,0,21.6,0
29/11/2023 10:33:37,38.101173,15.635859,11.90,1358,25,30,82.00,0,21.6,0
29/11/2023 10:33:38,38.101158,15.635952,11.90,1497,25,34,82.00,0,21.6,0
29/11/2023 10:33:40,38.101131,15.636145,12.20,1602,25,36,82.00,0,21.6,0
29/11/2023 10:33:40,38.101131,15.636145,12.20,1707,25,38,82.00,0,21.6,0
29/11/2023 10:33:43,38.101093,15.636478,12.40,1742,25,39,82.00,0,21.6,0
29/11/2023 10:33:44,38.101086,15.636600,12.40,1733,25,39,83.00,0,21.6,0
29/11/2023 10:33:46,38.101063,15.636850,13.10,1686,25,38,83.00,0,21.6,0
29/11/2023 10:33:46,38.101063,15.636850,13.10,1740,25,39,83.00,0,21.6,0
29/11/2023 10:33:49,38.101036,15.637221,14.00,1741,25,39,84.00,0,21.6,0
29/11/2023 10:33:49,38.101036,15.637221,14.00,1780,25,39,84.00,0,21.6,0
29/11/2023 10:33:52,38.101013,15.637595,14.80,1757,25,39,84.00,0,21.6,0
29/11/2023 10:33:52,38.101013,15.637595,14.80,1722,25,39,84.00,0,21.6,0
29/11/2023 10:33:55,38.100994,15.637974,15.30,1672,25,37,84.00,0,21.6,0
29/11/2023 10:33:55,38.100994,15.637974,15.30,1547,25,34,84.00,0,21.6,0
29/11/2023 10:33:58,38.100994,15.638343,16.10,935,25,30,84.00,0,21.6,0
29/11/2023 10:33:58,38.100994,15.638343,16.10,962,25,25,84.00,0,21.6,0
29/11/2023 10:34:01,38.101017,15.638670,17.00,888,25,20,84.00,0,21.6,0
29/11/2023 10:34:01,38.101017,15.638670,17.00,906,25,13,84.00,0,21.6,0
29/11/2023 10:34:04,38.101040,15.638904,17.00,884,25,8,84.00,0,21.6,0
29/11/2023 10:34:06,38.101051,15.639005,18.80,881,25,4,84.00,0,21.6,0
29/11/2023 10:34:07,38.101055,15.639037,18.80,836,25,0,84.00,0,21.6,0
29/11/2023 10:34:09,38.101055,15.639070,19.10,811,25,0,84.00,0,21.6,0
29/11/2023 10:34:09,38.101055,15.639070,19.10,813,25,0,84.00,0,21.6,0
29/11/2023 10:34:12,38.101055,15.639069,19.00,804,25,0,84.00,0,21.6,0
29/11/2023 10:34:12,38.101055,15.639069,19.00,811,25,0,84.00,0,21.6,0
29/11/2023 10:34:15,38.101055,15.639067,18.90,803,25,0,84.00,0,21.6,0
29/11/2023 10:34:15,38.101055,15.639067,18.90,818,25,0,83.00,0,21.6,0
29/11/2023 10:34:18,38.101055,15.639067,18.90,820,25,0,83.00,0,21.6,0
29/11/2023 10:34:18,38.101055,15.639067,18.90,809,25,0,83.00,0,21.6,0
29/11/2023 10:34:21,38.101055,15.639067,18.90,814,25,0,83.00,0,21.6,0
29/11/2023 10:34:21,38.101055,15.639067,18.90,805,25,0,83.00,0,21.6,0
29/11/2023 10:34:24,38.101055,15.639067,18.90,809,25,0,83.00,0,21.6,0
29/11/2023 10:34:26,38.101055,15.639067,18.90,806,25,0,83.00,0,21.6,0
29/11/2023 10:34:27,38.101055,15.639065,18.90,810,25,0,82.00,0,21.6,0
29/11/2023 10:34:29,38.101055,15.639067,18.90,811,25,0,82.00,0,21.6,0
29/11/2023 10:34:29,38.101055,15.639067,18.90,805,25,0,82.00,0,21.6,0
29/11/2023 10:34:32,38.101055,15.639067,18.90,808,25,0,82.00,0,21.6,0
29/11/2023 10:34:32,38.101055,15.639067,18.90,806,25,0,82.00,0,21.6,0
29/11/2023 10:34:35,38.101055,15.639067,18.90,815,25,0,82.00,0,21.6,0
29/11/2023 10:34:35,38.101055,15.639067,18.90,812,25,0,82.00,0,21.6,0
29/11/2023 10:34:38,38.101055,15.639065,18.90,807,25,0,81.00,0,21.6,0
29/11/2023 10:34:40,38.101055,15.639065,18.90,807,25,0,81.00,0,21.6,0
29/11/2023 10:34:41,38.101055,15.639065,19.00,807,25,0,81.00,0,21.6,0
29/11/2023 10:34:43,38.101055,15.639065,18.90,820,25,0,81.00,0,21.6,0
29/11/2023 10:34:44,38.101055,15.639065,18.90,813,25,0,81.00,0,21.6,0
29/11/2023 10:34:46,38.101055,15.639065,18.90,802,25,0,81.00,0,21.6,0
29/11/2023 10:34:47,38.101055,15.639065,18.90,809,25,0,81.00,0,21.6,0
29/11/2023 10:34:49,38.101055,15.639065,18.90,816,25,0,81.00,0,21.6,0
29/11/2023 10:34:50,38.101055,15.639065,18.90,817,25,0,81.00,0,21.6,0
29/11/2023 10:34:52,38.101055,15.639065,18.90,810,25,0,81.00,0,21.6,0
29/11/2023 10:34:52,38.101055,15.639065,18.90,812,25,0,81.00,0,21.6,0
29/11/2023 10:34:55,38.101055,15.639065,18.90,810,25,0,81.00,0,21.6,0
29/11/2023 10:34:56,38.101055,15.639065,18.90,798,25,0,81.00,0,21.6,0
29/11/2023 10:34:58,38.101055,15.639065,18.90,804,25,0,81.00,0,21.6,0
29/11/2023 10:34:59,38.101055,15.639065,18.90,802,25,0,82.00,0,21.6,0
29/11/2023 10:35:01,38.101055,15.639065,18.90,821,25,0,82.00,0,21.6,0
29/11/2023 10:35:01,38.101055,15.639065,18.90,805,25,0,82.00,0,21.6,0
29/11/2023 10:35:04,38.101055,15.639065,18.90,807,25,0,82.00,0,21.6,0
29/11/2023 10:35:04,38.101055,15.639065,18.90,805,25,0,82.00,0,21.6,0
29/11/2023 10:35:07,38.101055,15.639065,18.90,1038,25,1,82.00,0,21.6,0
29/11/2023 10:35:07,38.101055,15.639065,18.90,1144,25,9,82.00,0,21.6,0
29/11/2023 10:35:10,38.101055,15.639065,18.90,1997,25,16,82.00,0,21.6,0
29/11/2023 10:35:10,38.101055,15.639065,18.90,1184,25,17,82.00,0,21.6,0
29/11/2023 10:35:13,38.101063,15.639149,19.30,1600,25,23,82.00,0,21.6,0
29/11/2023 10:35:14,38.101067,15.639202,19.30,1512,25,28,82.00,0,21.6,0
29/11/2023 10:35:16,38.101074,15.639330,19.60,1407,25,31,83.00,0,21.6,0
29/11/2023 10:35:18,38.101082,15.639506,19.70,1499,25,33,83.00,0,21.6,0
29/11/2023 10:35:19,38.101093,15.639602,19.70,1599,25,35,83.00,0,21.6,0
29/11/2023 10:35:21,38.101109,15.639813,20.30,1648,25,37,84.00,0,21.6,0
29/11/2023 10:35:23,38.101131,15.640040,20.80,1683,25,38,84.00,0,21.6,0
29/11/2023 10:35:24,38.101143,15.640157,20.80,1701,25,38,84.00,0,21.6,0
29/11/2023 10:35:26,38.101166,15.640398,21.80,1671,25,37,84.00,0,21.6,0
29/11/2023 10:35:26,38.101166,15.640398,21.80,1636,25,37,85.00,0,21.6,0
29/11/2023 10:35:29,38.101196,15.640763,22.70,1535,25,34,85.00,0,21.6,0
29/11/2023 10:35:29,38.101196,15.640763,22.70,1399,25,31,85.00,0,21.6,0
29/11/2023 10:35:32,38.101227,15.641110,23.60,1262,25,28,85.00,0,21.6,0
29/11/2023 10:35:32,38.101227,15.641110,23.60,1107,25,24,85.00,0,21.6,0
29/11/2023 10:35:35,38.101254,15.641405,24.50,933,25,21,85.00,0,21.6,0
29/11/2023 10:35:35,38.101254,15.641405,24.50,925,25,16,85.00,0,21.6,0
29/11/2023 10:35:38,38.101276,15.641637,25.30,902,25,9,85.00,0,21.6,0
29/11/2023 10:35:38,38.101276,15.641637,25.30,874,25,5,85.00,0,21.6,0
29/11/2023 10:35:41,38.101292,15.641787,25.80,831,25,1,85.00,0,21.6,0
29/11/2023 10:35:41,38.101292,15.641787,25.80,824,25,0,85.00,0,21.6,0
29/11/2023 10:35:44,38.101299,15.641820,26.00,814,25,0,84.00,0,21.6,0
29/11/2023 10:35:44,38.101299,15.641820,26.00,810,25,0,84.00,0,21.6,0
29/11/2023 10:35:47,38.101303,15.641815,26.00,806,25,0,84.00,0,21.6,0
29/11/2023 10:35:49,38.101303,15.641815,25.90,803,25,0,84.00,0,21.6,0
29/11/2023 10:35:49,38.101303,15.641815,25.90,798,25,0,84.00,0,21.6,0
29/11/2023 10:35:52,38.101303,15.641815,25.90,807,25,0,84.00,0,21.6,0
29/11/2023 10:35:52,38.101303,15.641815,25.90,809,25,0,84.00,0,21.6,0
29/11/2023 10:35:55,38.101303,15.641815,25.80,811,25,0,84.00,0,21.6,0
29/11/2023 10:35:55,38.101303,15.641815,25.80,1328,25,0,84.00,0,21.6,0
29/11/2023 10:35:58,38.101303,15.641815,25.80,507,25,5,83.00,0,21.6,0
29/11/2023 10:35:58,38.101303,15.641815,25.80,858,25,2,83.00,0,21.6,0
29/11/2023 10:36:01,38.101303,15.641822,25.80,1297,25,9,83.00,0,21.6,0
29/11/2023 10:36:03,38.101303,15.641840,25.80,2354,25,18,83.00,0,21.6,0
29/11/2023 10:36:04,38.101307,15.641858,26.00,1421,25,21,83.00,0,21.6,0
29/11/2023 10:36:04,38.101307,15.641858,26.00,1796,25,25,83.00,0,21.6,0
29/11/2023 10:36:07,38.101322,15.642016,26.70,2196,25,32,83.00,0,21.6,0
